,Locations,Precision Scores
0,New York,0.6918158567774936
1,London,0.6190833959429001
2,Paris,0.845771144278607
3,Combined Locations,0.6905766330568303
