,Locations,Recall Scores
0,New York,0.5560123329907503
1,London,0.7766258246936852
2,Paris,0.7068607068607069
3,Combined Locations,0.6779324055666004
