,Country,GDP_avg
0,Chile,16.97888450153125
1,China,495.771375
2,Germany,309.4775625
3,Mexico,97.6650625
4,USA,1407.5
5,Zimbabwe,0.9062579595062501
